{
  "algorithms": [
    "FORTRESS-FL",
    "Krum",
    "Median",
    "Trimmed_Mean",
    "FedAvg"
  ],
  "metrics": {
    "FORTRESS-FL": {
      "final_test_loss": 51.28109383042965,
      "final_model_norm": 5.300600264878736,
      "convergence_rate": 0.051473867960665845
    },
    "Krum": {
      "final_test_loss": 8.794341987019008,
      "final_model_norm": 0.7905707097930954,
      "convergence_rate": 0.02858895955309071
    },
    "Median": {
      "final_test_loss": 9.568281481951233,
      "final_model_norm": 0.5924732157570218,
      "convergence_rate": 0.022100362128064467
    },
    "Trimmed_Mean": {
      "final_test_loss": 10.592534090114633,
      "final_model_norm": 0.20287326238809517,
      "convergence_rate": 0.007902428654786315
    },
    "FedAvg": {
      "final_test_loss": 11.05624479962908,
      "final_model_norm": 0.09937404813150391,
      "convergence_rate": 0.00391748451201501
    }
  },
  "best_performing": "Krum"
}