epsilon,test_loss_mse
0.1,4.795244824151113
0.2,2.5208234718081317
0.5,1.0462203802784755
1.0,0.5302395075620449
2.0,0.25923656032051945
5.0,0.11539944727967619
10.0,0.06550659760777736
20.0,0.04132123257294612
